<?xml version="1.0" encoding="utf-8" standalone="yes"?>
<Config>
    <WindWaveListParam Type="deep">
        <WindWave Min="0.0" Max="0.5" Class="1" GustClass="2" Knot="1" GustKnots="5" KnotsRange="1-2" AverageWaveHeight="0.1" MaxWaveHeight="0.2" WavePeriod="1" SurgeHeight="0.1" SurgePeriod="1" MixWave="0.1" Gust="3" />
        <WindWave Min="0.6" Max="1.0" Class="1" GustClass="2" Knot="2" GustKnots="6" KnotsRange="1-2" AverageWaveHeight="0.1" MaxWaveHeight="0.2" WavePeriod="2" SurgeHeight="0.1" SurgePeriod="2" MixWave="0.1" Gust="3" />
        <WindWave Min="1.1" Max="1.5" Class="1-2" GustClass="3" Knot="3" GustKnots="7" KnotsRange="3-4" AverageWaveHeight="0.2" MaxWaveHeight="0.3" WavePeriod="2" SurgeHeight="0.1" SurgePeriod="3" MixWave="0.2" Gust="4" />
        <WindWave Min="1.6" Max="2.1" Class="1-2" GustClass="3" Knot="4" GustKnots="8" KnotsRange="3-4" AverageWaveHeight="0.2" MaxWaveHeight="0.3" WavePeriod="2" SurgeHeight="0.1" SurgePeriod="3" MixWave="0.2" Gust="4" />
        <WindWave Min="2.2" Max="2.6" Class="2" GustClass="3" Knot="5" GustKnots="9" KnotsRange="5-6" AverageWaveHeight="0.3" MaxWaveHeight="0.4" WavePeriod="2" SurgeHeight="0.2" SurgePeriod="3" MixWave="0.4" Gust="5" />
        <WindWave Min="2.7" Max="3.1" Class="2" GustClass="4" Knot="6" GustKnots="10" KnotsRange="5-6" AverageWaveHeight="0.3" MaxWaveHeight="0.5" WavePeriod="2" SurgeHeight="0.2" SurgePeriod="3" MixWave="0.4" Gust="5" />
        <WindWave Min="3.2" Max="3.6" Class="2-3" GustClass="4" Knot="7" GustKnots="11" KnotsRange="7-8" AverageWaveHeight="0.4" MaxWaveHeight="0.6" WavePeriod="2" SurgeHeight="0.3" SurgePeriod="3" MixWave="0.5" Gust="6" />
        <WindWave Min="3.7" Max="4.1" Class="2-3" GustClass="4" Knot="8" GustKnots="12" KnotsRange="7-8" AverageWaveHeight="0.5" MaxWaveHeight="0.7" WavePeriod="2" SurgeHeight="0.4" SurgePeriod="3" MixWave="0.6" Gust="6" />
        <WindWave Min="4.2" Max="4.6" Class="3" GustClass="4" Knot="9" GustKnots="15" KnotsRange="9-10" AverageWaveHeight="0.6" MaxWaveHeight="0.8" WavePeriod="2" SurgeHeight="0.4" SurgePeriod="3" MixWave="0.7" Gust="8" />
        <WindWave Min="4.7" Max="5.1" Class="3" GustClass="5" Knot="10" GustKnots="15" KnotsRange="9-10" AverageWaveHeight="0.6" MaxWaveHeight="0.9" WavePeriod="3" SurgeHeight="0.4" SurgePeriod="4" MixWave="0.7" Gust="8" />
        <WindWave Min="5.2" Max="5.7" Class="3-4" GustClass="5" Knot="11" GustKnots="17" KnotsRange="10-12" AverageWaveHeight="0.7" MaxWaveHeight="1" WavePeriod="3" SurgeHeight="0.5" SurgePeriod="4" MixWave="0.9" Gust="9" />
        <WindWave Min="5.8" Max="6.2" Class="3-4" GustClass="5" Knot="12" GustKnots="18" KnotsRange="10-12" AverageWaveHeight="0.8" MaxWaveHeight="1.1" WavePeriod="3" SurgeHeight="0.6" SurgePeriod="4" MixWave="1" Gust="9" />
        <WindWave Min="6.3" Max="6.7" Class="4" GustClass="5" Knot="13" GustKnots="19" KnotsRange="13-14" AverageWaveHeight="0.9" MaxWaveHeight="1.3" WavePeriod="3" SurgeHeight="0.6" SurgePeriod="4" MixWave="1.1" Gust="10" />
        <WindWave Min="6.8" Max="7.2" Class="4" GustClass="5" Knot="14" GustKnots="20" KnotsRange="13-14" AverageWaveHeight="1.1" MaxWaveHeight="1.5" WavePeriod="3" SurgeHeight="0.8" SurgePeriod="4" MixWave="1.3" Gust="10" />
        <WindWave Min="7.3" Max="7.7" Class="4-5" GustClass="6" Knot="15" GustKnots="21" KnotsRange="15-17" AverageWaveHeight="1.2" MaxWaveHeight="1.6" WavePeriod="3" SurgeHeight="0.8" SurgePeriod="4" MixWave="1.5" Gust="11" />
        <WindWave Min="7.8" Max="8.2" Class="4-5" GustClass="6" Knot="16" GustKnots="21" KnotsRange="15-17" AverageWaveHeight="1.4" MaxWaveHeight="1.8" WavePeriod="3" SurgeHeight="1" SurgePeriod="4" MixWave="1.7" Gust="11" />
        <WindWave Min="8.3" Max="8.7" Class="5" GustClass="6" Knot="17" GustKnots="23" KnotsRange="17-19" AverageWaveHeight="1.5" MaxWaveHeight="1.9" WavePeriod="3" SurgeHeight="1.1" SurgePeriod="4" MixWave="1.8" Gust="12" />
        <WindWave Min="8.8" Max="9.3" Class="5" GustClass="6" Knot="18" GustKnots="24" KnotsRange="17-19" AverageWaveHeight="1.6" MaxWaveHeight="2.1" WavePeriod="4" SurgeHeight="1.1" SurgePeriod="5" MixWave="2" Gust="12" />
        <WindWave Min="9.4" Max="9.8" Class="5" GustClass="6" Knot="19" GustKnots="25" KnotsRange="17-19" AverageWaveHeight="1.8" MaxWaveHeight="2.3" WavePeriod="4" SurgeHeight="1.3" SurgePeriod="5" MixWave="2.2" Gust="13" />
        <WindWave Min="9.9" Max="10.3" Class="5-6" GustClass="7" Knot="20" GustKnots="27" KnotsRange="20-22" AverageWaveHeight="1.9" MaxWaveHeight="2.4" WavePeriod="4" SurgeHeight="1.3" SurgePeriod="5" MixWave="2.3" Gust="14" />
        <WindWave Min="10.4" Max="10.8" Class="5-6" GustClass="7" Knot="21" GustKnots="27" KnotsRange="20-22" AverageWaveHeight="2" MaxWaveHeight="2.5" WavePeriod="4" SurgeHeight="1.4" SurgePeriod="5" MixWave="2.4" Gust="14" />
        <WindWave Min="10.9" Max="11.3" Class="5-6" GustClass="7" Knot="22" GustKnots="28" KnotsRange="20-22" AverageWaveHeight="2.2" MaxWaveHeight="2.7" WavePeriod="5" SurgeHeight="1.5" SurgePeriod="6" MixWave="2.7" Gust="14" />
        <WindWave Min="11.4" Max="11.8" Class="6" GustClass="7" Knot="23" GustKnots="29" KnotsRange="23-25" AverageWaveHeight="2.3" MaxWaveHeight="2.9" WavePeriod="5" SurgeHeight="1.6" SurgePeriod="6" MixWave="2.8" Gust="15" />
        <WindWave Min="11.9" Max="12.4" Class="6" GustClass="7" Knot="24" GustKnots="31" KnotsRange="23-25" AverageWaveHeight="2.4" MaxWaveHeight="3" WavePeriod="5" SurgeHeight="1.7" SurgePeriod="6" MixWave="2.9" Gust="16" />
        <WindWave Min="12.5" Max="12.9" Class="6" GustClass="7" Knot="25" GustKnots="33" KnotsRange="23-25" AverageWaveHeight="2.5" MaxWaveHeight="3.2" WavePeriod="5" SurgeHeight="1.8" SurgePeriod="6" MixWave="3.1" Gust="17" />
        <WindWave Min="13.0" Max="13.4" Class="6-7" GustClass="8" Knot="26" GustKnots="33" KnotsRange="26-29" AverageWaveHeight="2.6" MaxWaveHeight="3.3" WavePeriod="5" SurgeHeight="1.8" SurgePeriod="6" MixWave="3.2" Gust="17" />
        <WindWave Min="13.5" Max="13.9" Class="6-7" GustClass="8" Knot="27" GustKnots="34" KnotsRange="26-29" AverageWaveHeight="2.8" MaxWaveHeight="3.5" WavePeriod="5" SurgeHeight="2" SurgePeriod="6" MixWave="3.4" Gust="17" />
        <WindWave Min="14.0" Max="14.4" Class="6-7" GustClass="8" Knot="28" GustKnots="37" KnotsRange="26-29" AverageWaveHeight="3" MaxWaveHeight="3.8" WavePeriod="6" SurgeHeight="2.1" SurgePeriod="7" MixWave="3.7" Gust="19" />
        <WindWave Min="14.5" Max="14.9" Class="6-7" GustClass="8" Knot="29" GustKnots="40" KnotsRange="26-29" AverageWaveHeight="3.2" MaxWaveHeight="4" WavePeriod="6" SurgeHeight="2.2" SurgePeriod="7" MixWave="3.9" Gust="20" />
        <WindWave Min="15.0" Max="15.4" Class="7" GustClass="8" Knot="30" GustKnots="40" KnotsRange="30-32" AverageWaveHeight="3.3" MaxWaveHeight="4.3" WavePeriod="6" SurgeHeight="2.3" SurgePeriod="7" MixWave="4" Gust="20" />
        <WindWave Min="15.5" Max="16.0" Class="7" GustClass="8" Knot="31" GustKnots="41" KnotsRange="30-32" AverageWaveHeight="3.5" MaxWaveHeight="4.6" WavePeriod="6" SurgeHeight="2.5" SurgePeriod="7" MixWave="4.3" Gust="21" />
        <WindWave Min="16.1" Max="16.5" Class="7" GustClass="8" Knot="32" GustKnots="42" KnotsRange="30-32" AverageWaveHeight="3.7" MaxWaveHeight="4.9" WavePeriod="6" SurgeHeight="2.6" SurgePeriod="7" MixWave="4.5" Gust="21" />
        <WindWave Min="16.6" Max="17.0" Class="7-8" GustClass="9" Knot="33" GustKnots="43" KnotsRange="33-35" AverageWaveHeight="3.8" MaxWaveHeight="5.1" WavePeriod="6" SurgeHeight="2.7" SurgePeriod="7" MixWave="4.6" Gust="22" />
        <WindWave Min="17.1" Max="17.5" Class="7-8" GustClass="9" Knot="34" GustKnots="44" KnotsRange="33-35" AverageWaveHeight="3.9" MaxWaveHeight="5.4" WavePeriod="6" SurgeHeight="2.7" SurgePeriod="7" MixWave="4.8" Gust="22" />
        <WindWave Min="17.6" Max="18.0" Class="7-8" GustClass="9" Knot="35" GustKnots="45" KnotsRange="33-35" AverageWaveHeight="4" MaxWaveHeight="5.6" WavePeriod="7" SurgeHeight="2.8" SurgePeriod="8" MixWave="4.9" Gust="23" />
        <WindWave Min="18.1" Max="18.5" Class="8" GustClass="9" Knot="36" GustKnots="46" KnotsRange="36-39" AverageWaveHeight="4.4" MaxWaveHeight="5.8" WavePeriod="7" SurgeHeight="3.1" SurgePeriod="8" MixWave="5.4" Gust="23" />
        <WindWave Min="18.6" Max="19.0" Class="8" GustClass="9" Knot="37" GustKnots="47" KnotsRange="36-39" AverageWaveHeight="4.2" MaxWaveHeight="6" WavePeriod="7" SurgeHeight="2.9" SurgePeriod="8" MixWave="5.1" Gust="24" />
        <WindWave Min="19.1" Max="19.6" Class="8" GustClass="9" Knot="38" GustKnots="48" KnotsRange="36-39" AverageWaveHeight="4.3" MaxWaveHeight="6.2" WavePeriod="7" SurgeHeight="3" SurgePeriod="8" MixWave="5.2" Gust="24" />
        <WindWave Min="19.7" Max="20.1" Class="8" GustClass="9" Knot="39" GustKnots="50" KnotsRange="36-39" AverageWaveHeight="4.4" MaxWaveHeight="6.3" WavePeriod="7" SurgeHeight="3.1" SurgePeriod="8" MixWave="5.4" Gust="25" />
        <WindWave Min="20.2" Max="20.6" Class="8-9" GustClass="10" Knot="40" GustKnots="52" KnotsRange="40-42" AverageWaveHeight="4.5" MaxWaveHeight="6.5" WavePeriod="8" SurgeHeight="3.2" SurgePeriod="9" MixWave="5.5" Gust="26" />
        <WindWave Min="20.7" Max="21.1" Class="8-9" GustClass="10" Knot="41" GustKnots="53" KnotsRange="40-42" AverageWaveHeight="4.8" MaxWaveHeight="6.8" WavePeriod="8" SurgeHeight="3.4" SurgePeriod="9" MixWave="5.9" Gust="27" />
        <WindWave Min="21.2" Max="21.6" Class="8-9" GustClass="10" Knot="42" GustKnots="55" KnotsRange="40-42" AverageWaveHeight="5.1" MaxWaveHeight="7" WavePeriod="8" SurgeHeight="3.6" SurgePeriod="10" MixWave="6.2" Gust="28" />
        <WindWave Min="21.7" Max="22.1" Class="9" GustClass="10" Knot="43" GustKnots="55" KnotsRange="43-45" AverageWaveHeight="5.5" MaxWaveHeight="7.5" WavePeriod="8" SurgeHeight="3.9" SurgePeriod="10" MixWave="6.7" Gust="28" />
        <WindWave Min="22.2" Max="22.6" Class="9" GustClass="10" Knot="44" GustKnots="57" KnotsRange="43-45" AverageWaveHeight="5.8" MaxWaveHeight="8" WavePeriod="8" SurgeHeight="4.1" SurgePeriod="10" MixWave="7.1" Gust="29" />
        <WindWave Min="22.7" Max="23.2" Class="9" GustClass="11" Knot="45" GustKnots="60" KnotsRange="43-45" AverageWaveHeight="6.2" MaxWaveHeight="8.5" WavePeriod="9" SurgeHeight="4.3" SurgePeriod="11" MixWave="7.6" Gust="30" />
        <WindWave Min="23.3" Max="23.7" Class="9-10" GustClass="11" Knot="46" GustKnots="61" KnotsRange="46-49" AverageWaveHeight="6.5" MaxWaveHeight="9" WavePeriod="9" SurgeHeight="4.6" SurgePeriod="11" MixWave="7.9" Gust="31" />
        <WindWave Min="23.8" Max="24.2" Class="9-10" GustClass="11" Knot="47" GustKnots="62" KnotsRange="46-49" AverageWaveHeight="6.8" MaxWaveHeight="9.5" WavePeriod="9" SurgeHeight="4.8" SurgePeriod="11" MixWave="8.3" Gust="31" />
        <WindWave Min="24.3" Max="24.7" Class="9-10" GustClass="11" Knot="48" GustKnots="63" KnotsRange="46-49" AverageWaveHeight="7" MaxWaveHeight="10" WavePeriod="9" SurgeHeight="4.9" SurgePeriod="11" MixWave="8.5" Gust="32" />
        <WindWave Min="24.8" Max="25.2" Class="9-10" GustClass="11" Knot="49" GustKnots="64" KnotsRange="46-49" AverageWaveHeight="7.5" MaxWaveHeight="10.5" WavePeriod="10" SurgeHeight="5.3" SurgePeriod="12" MixWave="9.2" Gust="32" />
        <WindWave Min="25.3" Max="25.7" Class="10" GustClass="12" Knot="50" GustKnots="65" KnotsRange="50-53" AverageWaveHeight="7.6" MaxWaveHeight="11" WavePeriod="11" SurgeHeight="5.3" SurgePeriod="14" MixWave="9.3" Gust="33" />
        <WindWave Min="25.8" Max="26.2" Class="10" GustClass="12" Knot="51" GustKnots="66" KnotsRange="50-53" AverageWaveHeight="7.7" MaxWaveHeight="11.2" WavePeriod="11" SurgeHeight="5.4" SurgePeriod="14" MixWave="9.4" Gust="33" />
        <WindWave Min="26.3" Max="26.8" Class="10" GustClass="12" Knot="52" GustKnots="67" KnotsRange="50-53" AverageWaveHeight="7.8" MaxWaveHeight="11.4" WavePeriod="11" SurgeHeight="5.5" SurgePeriod="14" MixWave="9.5" Gust="34" />
        <WindWave Min="26.9" Max="27.3" Class="10" GustClass="12" Knot="53" GustKnots="68" KnotsRange="50-53" AverageWaveHeight="7.9" MaxWaveHeight="11.6" WavePeriod="11" SurgeHeight="5.5" SurgePeriod="15" MixWave="9.6" Gust="34" />
        <WindWave Min="27.4" Max="27.8" Class="10-11" GustClass="12" Knot="54" GustKnots="69" KnotsRange="54-57" AverageWaveHeight="8" MaxWaveHeight="11.8" WavePeriod="11" SurgeHeight="5.6" SurgePeriod="15" MixWave="9.8" Gust="35" />
        <WindWave Min="27.9" Max="28.3" Class="10-11" GustClass="12" Knot="55" GustKnots="70" KnotsRange="54-57" AverageWaveHeight="8" MaxWaveHeight="12" WavePeriod="12" SurgeHeight="5.6" SurgePeriod="15" MixWave="9.8" Gust="35" />
        <WindWave Min="28.4" Max="28.8" Class="10-11" GustClass="12" Knot="56" GustKnots="71" KnotsRange="54-57" AverageWaveHeight="8.1" MaxWaveHeight="12.2" WavePeriod="12" SurgeHeight="5.7" SurgePeriod="15" MixWave="9.9" Gust="36" />
        <WindWave Min="28.9" Max="29.3" Class="10-11" GustClass="12" Knot="57" GustKnots="72" KnotsRange="54-57" AverageWaveHeight="8.2" MaxWaveHeight="12.4" WavePeriod="12" SurgeHeight="5.7" SurgePeriod="15" MixWave="10" Gust="36" />
        <WindWave Min="29.4" Max="29.9" Class="11" GustClass="12" Knot="58" GustKnots="73" KnotsRange="58-61" AverageWaveHeight="8.3" MaxWaveHeight="12.6" WavePeriod="12" SurgeHeight="5.8" SurgePeriod="15" MixWave="10.1" Gust="37" />
        <WindWave Min="30.0" Max="30.4" Class="11" GustClass="12" Knot="59" GustKnots="74" KnotsRange="58-61" AverageWaveHeight="8.4" MaxWaveHeight="12.8" WavePeriod="12" SurgeHeight="5.9" SurgePeriod="15" MixWave="10.3" Gust="37" />
        <WindWave Min="30.5" Max="30.9" Class="11" GustClass="13" Knot="60" GustKnots="75" KnotsRange="58-61" AverageWaveHeight="8.5" MaxWaveHeight="13" WavePeriod="12" SurgeHeight="6" SurgePeriod="15" MixWave="10.4" Gust="38" />
        <WindWave Min="31.0" Max="31.4" Class="11" GustClass="13" Knot="61" GustKnots="76" KnotsRange="58-61" AverageWaveHeight="8.7" MaxWaveHeight="13.4" WavePeriod="12" SurgeHeight="6.1" SurgePeriod="15" MixWave="10.6" Gust="38" />
        <WindWave Min="31.5" Max="31.9" Class="11-12" GustClass="13" Knot="62" GustKnots="77" KnotsRange="62-65" AverageWaveHeight="8.8" MaxWaveHeight="13.7" WavePeriod="13" SurgeHeight="6.2" SurgePeriod="16" MixWave="10.8" Gust="39" />
        <WindWave Min="32.0" Max="32.4" Class="11-12" GustClass="13" Knot="63" GustKnots="78" KnotsRange="62-65" AverageWaveHeight="9" MaxWaveHeight="14" WavePeriod="13" SurgeHeight="6.3" SurgePeriod="16" MixWave="11" Gust="39" />
        <WindWave Min="32.5" Max="32.9" Class="11-12" GustClass="13" Knot="64" GustKnots="79" KnotsRange="62-65" AverageWaveHeight="9.5" MaxWaveHeight="14.5" WavePeriod="13" SurgeHeight="6.5" SurgePeriod="16" MixWave="11.2" Gust="40" />
        <WindWave Min="33.0" Max="33.5" Class="11-12" GustClass="14" Knot="65" GustKnots="81" KnotsRange="62-65" AverageWaveHeight="9.8" MaxWaveHeight="14.8" WavePeriod="13" SurgeHeight="6.8" SurgePeriod="17" MixWave="11.4" Gust="41" />
        <WindWave Min="33.6" Max="34.0" Class="12" GustClass="14" Knot="66" GustKnots="82" KnotsRange="66-69" AverageWaveHeight="10" MaxWaveHeight="15" WavePeriod="13" SurgeHeight="7" SurgePeriod="17" MixWave="11.6" Gust="41" />
        <WindWave Min="34.1" Max="34.5" Class="12" GustClass="14" Knot="67" GustKnots="84" KnotsRange="66-69" AverageWaveHeight="10.2" MaxWaveHeight="15.2" WavePeriod="13" SurgeHeight="7.3" SurgePeriod="17" MixWave="11.8" Gust="42" />
        <WindWave Min="34.6" Max="35.0" Class="12" GustClass="14" Knot="68" GustKnots="85" KnotsRange="66-69" AverageWaveHeight="10.4" MaxWaveHeight="15.4" WavePeriod="13" SurgeHeight="7.5" SurgePeriod="17" MixWave="12" Gust="42" />
        <WindWave Min="35.1" Max="35.5" Class="12" GustClass="14" Knot="69" GustKnots="86" KnotsRange="66-69" AverageWaveHeight="10.6" MaxWaveHeight="15.6" WavePeriod="14" SurgeHeight="7.8" SurgePeriod="17" MixWave="12.2" Gust="43" />
        <WindWave Min="35.6" Max="36.0" Class="12-13" GustClass="14" Knot="70" GustKnots="87" KnotsRange="70-73" AverageWaveHeight="10.8" MaxWaveHeight="15.8" WavePeriod="14" SurgeHeight="8" SurgePeriod="17" MixWave="12.4" Gust="43" />
        <WindWave Min="36.1" Max="36.5" Class="12-13" GustClass="14" Knot="71" GustKnots="88" KnotsRange="70-73" AverageWaveHeight="11" MaxWaveHeight="16" WavePeriod="14" SurgeHeight="8.3" SurgePeriod="17" MixWave="12.6" Gust="44" />
        <WindWave Min="36.6" Max="37.1" Class="12-13" GustClass="15" Knot="72" GustKnots="89" KnotsRange="70-73" AverageWaveHeight="11.2" MaxWaveHeight="16.2" WavePeriod="14" SurgeHeight="8.5" SurgePeriod="17" MixWave="12.8" Gust="44" />
        <WindWave Min="37.2" Max="37.6" Class="12-13" GustClass="15" Knot="73" GustKnots="90" KnotsRange="70-73" AverageWaveHeight="11.4" MaxWaveHeight="16.4" WavePeriod="14" SurgeHeight="8.8" SurgePeriod="18" MixWave="13" Gust="45" />
        <WindWave Min="37.7" Max="38.1" Class="13" GustClass="15" Knot="74" GustKnots="91" KnotsRange="74-78" AverageWaveHeight="11.4" MaxWaveHeight="16.6" WavePeriod="14" SurgeHeight="9" SurgePeriod="18" MixWave="13.2" Gust="45" />
        <WindWave Min="38.2" Max="38.6" Class="13" GustClass="15" Knot="75" GustKnots="92" KnotsRange="74-78" AverageWaveHeight="11.6" MaxWaveHeight="16.8" WavePeriod="14" SurgeHeight="9.2" SurgePeriod="18" MixWave="13.4" Gust="46" />
        <WindWave Min="38.7" Max="39.1" Class="13" GustClass="15" Knot="76" GustKnots="92" KnotsRange="74-78" AverageWaveHeight="11.8" MaxWaveHeight="17" WavePeriod="15" SurgeHeight="9.3" SurgePeriod="18" MixWave="13.6" Gust="46" />
        <WindWave Min="39.2" Max="39.6" Class="13" GustClass="15" Knot="77" GustKnots="93" KnotsRange="74-78" AverageWaveHeight="12" MaxWaveHeight="17.2" WavePeriod="15" SurgeHeight="9.4" SurgePeriod="18" MixWave="13.8" Gust="47" />
        <WindWave Min="39.7" Max="40.1" Class="13" GustClass="15" Knot="78" GustKnots="94" KnotsRange="74-78" AverageWaveHeight="12.2" MaxWaveHeight="17.4" WavePeriod="15" SurgeHeight="9.5" SurgePeriod="18" MixWave="14" Gust="47" />
        <WindWave Min="40.2" Max="40.7" Class="13-14" GustClass="15" Knot="79" GustKnots="95" KnotsRange="79-82" AverageWaveHeight="12.4" MaxWaveHeight="17.5" WavePeriod="15" SurgeHeight="9.6" SurgePeriod="18" MixWave="14.2" Gust="48" />
        <WindWave Min="40.8" Max="41.2" Class="13-14" GustClass="15" Knot="80" GustKnots="96" KnotsRange="79-82" AverageWaveHeight="12.6" MaxWaveHeight="17.6" WavePeriod="15" SurgeHeight="9.7" SurgePeriod="18" MixWave="14.4" Gust="48" />
        <WindWave Min="41.3" Max="41.7" Class="13-14" GustClass="16" Knot="81" GustKnots="97" KnotsRange="79-82" AverageWaveHeight="12.8" MaxWaveHeight="17.8" WavePeriod="15" SurgeHeight="9.8" SurgePeriod="19" MixWave="14.6" Gust="49" />
        <WindWave Min="41.8" Max="42.2" Class="13-14" GustClass="16" Knot="82" GustKnots="98" KnotsRange="79-82" AverageWaveHeight="13" MaxWaveHeight="18" WavePeriod="15" SurgeHeight="9.9" SurgePeriod="19" MixWave="14.8" Gust="49" />
        <WindWave Min="42.3" Max="42.7" Class="14" GustClass="16" Knot="83" GustKnots="100" KnotsRange="83-87" AverageWaveHeight="13.2" MaxWaveHeight="18.2" WavePeriod="16" SurgeHeight="10" SurgePeriod="19" MixWave="15" Gust="50" />
        <WindWave Min="42.8" Max="43.2" Class="14" GustClass="16" Knot="84" GustKnots="101" KnotsRange="83-87" AverageWaveHeight="13.4" MaxWaveHeight="18.3" WavePeriod="16" SurgeHeight="10.1" SurgePeriod="19" MixWave="15.2" Gust="51" />
        <WindWave Min="43.3" Max="43.7" Class="14" GustClass="16" Knot="85" GustKnots="102" KnotsRange="83-87" AverageWaveHeight="13.6" MaxWaveHeight="18.5" WavePeriod="16" SurgeHeight="10.2" SurgePeriod="19" MixWave="15.4" Gust="51" />
        <WindWave Min="43.8" Max="44.3" Class="14" GustClass="16" Knot="86" GustKnots="103" KnotsRange="83-87" AverageWaveHeight="13.8" MaxWaveHeight="18.6" WavePeriod="16" SurgeHeight="10.3" SurgePeriod="19" MixWave="15.6" Gust="52" />
        <WindWave Min="44.4" Max="44.8" Class="14" GustClass="16" Knot="87" GustKnots="104" KnotsRange="83-87" AverageWaveHeight="14" MaxWaveHeight="18.8" WavePeriod="16" SurgeHeight="10.4" SurgePeriod="19" MixWave="15.8" Gust="52" />
        <WindWave Min="44.9" Max="45.3" Class="14-15" GustClass="16" Knot="88" GustKnots="105" KnotsRange="88-91" AverageWaveHeight="14.2" MaxWaveHeight="18.9" WavePeriod="16" SurgeHeight="10.5" SurgePeriod="19" MixWave="16" Gust="53" />
        <WindWave Min="45.4" Max="45.8" Class="14-15" GustClass="16" Knot="89" GustKnots="106" KnotsRange="88-91" AverageWaveHeight="14.4" MaxWaveHeight="19" WavePeriod="16" SurgeHeight="10.6" SurgePeriod="19" MixWave="16.2" Gust="53" />
        <WindWave Min="45.9" Max="46.3" Class="14-15" GustClass="17" Knot="90" GustKnots="107" KnotsRange="88-91" AverageWaveHeight="14.6" MaxWaveHeight="19.1" WavePeriod="16" SurgeHeight="10.7" SurgePeriod="20" MixWave="16.4" Gust="54" />
        <WindWave Min="46.4" Max="46.8" Class="14-15" GustClass="17" Knot="91" GustKnots="108" KnotsRange="88-91" AverageWaveHeight="14.8" MaxWaveHeight="19.2" WavePeriod="17" SurgeHeight="10.8" SurgePeriod="20" MixWave="16.6" Gust="54" />
        <WindWave Min="46.9" Max="47.3" Class="15" GustClass="17" Knot="92" GustKnots="109" KnotsRange="92-96" AverageWaveHeight="15" MaxWaveHeight="19.3" WavePeriod="17" SurgeHeight="10.9" SurgePeriod="20" MixWave="16.8" Gust="55" />
        <WindWave Min="47.4" Max="47.9" Class="15" GustClass="17" Knot="93" GustKnots="110" KnotsRange="92-96" AverageWaveHeight="15.2" MaxWaveHeight="19.4" WavePeriod="17" SurgeHeight="11" SurgePeriod="20" MixWave="17" Gust="55" />
        <WindWave Min="48.0" Max="48.4" Class="15" GustClass="17" Knot="94" GustKnots="111" KnotsRange="92-96" AverageWaveHeight="15.4" MaxWaveHeight="19.5" WavePeriod="17" SurgeHeight="11.1" SurgePeriod="20" MixWave="17.2" Gust="56" />
        <WindWave Min="48.5" Max="48.9" Class="15" GustClass="17" Knot="95" GustKnots="112" KnotsRange="92-96" AverageWaveHeight="15.6" MaxWaveHeight="19.6" WavePeriod="17" SurgeHeight="11.2" SurgePeriod="20" MixWave="17.4" Gust="56" />
        <WindWave Min="49.0" Max="49.4" Class="15" GustClass="17" Knot="96" GustKnots="113" KnotsRange="92-96" AverageWaveHeight="15.8" MaxWaveHeight="19.7" WavePeriod="17" SurgeHeight="11.3" SurgePeriod="20" MixWave="17.6" Gust="57" />
        <WindWave Min="49.5" Max="49.9" Class="15-16" GustClass="17" Knot="97" GustKnots="114" KnotsRange="97-102" AverageWaveHeight="16" MaxWaveHeight="19.8" WavePeriod="17" SurgeHeight="11.4" SurgePeriod="20" MixWave="17.8" Gust="57" />
        <WindWave Min="50.0" Max="50.4" Class="15-16" GustClass="17" Knot="98" GustKnots="115" KnotsRange="97-102" AverageWaveHeight="16.2" MaxWaveHeight="19.9" WavePeriod="17" SurgeHeight="11.5" SurgePeriod="20" MixWave="18" Gust="58" />
        <WindWave Min="50.5" Max="51.0" Class="15-16" GustClass="17" Knot="99" GustKnots="116" KnotsRange="97-102" AverageWaveHeight="16.4" MaxWaveHeight="20" WavePeriod="17" SurgeHeight="11.6" SurgePeriod="20" MixWave="18.2" Gust="58" />
        <WindWave Min="51.0" Max="56.0" Class="16" GustClass="17" Knot="105" GustKnots="125" KnotsRange="103-112" AverageWaveHeight="16.8" MaxWaveHeight="21.0" WavePeriod="18" SurgeHeight="12.0" SurgePeriod="20" MixWave="21.0" Gust="60" />
        <WindWave Min="56.1" Max="61.2" Class="17" GustClass="18" Knot="115" GustKnots="135" KnotsRange="113-123" AverageWaveHeight="17.2" MaxWaveHeight="23.0" WavePeriod="18" SurgeHeight="13.0" SurgePeriod="20" MixWave="23.0" Gust="70" />	
		</WindWaveListParam>
</Config>